ranking,name,African American,Asian,Hispanic,International,Multiracial,Native American,Pacific Islander,Unknown,White
1,massachusetts-institute-of-technology,6%,25%,15%,12%,6%,0%,0%,2%,34%
2,stanford-university,6%,20%,14%,14%,10%,1%,0%,1%,34%
3,harvard-university,6%,20%,11%,8%,5%,0%,0%,4%,44%
4,yale-university,6%,15%,11%,19%,5%,1%,0%,3%,40%
5,princeton-university,7%,20%,9%,12%,4%,0%,0%,6%,41%
6,university-of-pennsylvania,7%,20%,9%,13%,4%,0%,0%,4%,43%
7,columbia-university,7%,17%,13%,16%,5%,0%,0%,3%,37%
8,duke-university,10%,21%,8%,10%,2%,1%,0%,3%,47%
9,brown-university,6%,14%,11%,13%,6%,0%,0%,8%,42%
10,california-institute-of-technology,1%,43%,12%,9%,7%,0%,0%,0%,28%
11,washington-university-in-st-louis,8%,16%,7%,9%,4%,0%,0%,4%,51%
12,rice-university,7%,24%,14%,12%,4%,0%,0%,2%,37%
13,university-of-notre-dame,4%,5%,10%,6%,5%,0%,0%,1%,69%
14,northwestern-university,6%,16%,11%,8%,5%,0%,0%,8%,46%
15,university-of-chicago,6%,18%,12%,14%,5%,0%,0%,6%,40%
16,pomona-college,8%,14%,15%,11%,8%,0%,0%,6%,38%
17,bowdoin-college,6%,6%,11%,5%,7%,0%,0%,1%,64%
18,vanderbilt-university,9%,12%,9%,7%,5%,0%,0%,5%,51%
19,dartmouth-college,7%,15%,9%,9%,5%,2%,0%,3%,50%
20,university-of-southern-california,4%,20%,13%,14%,5%,0%,0%,4%,38%
21,cornell-university,6%,18%,12%,10%,4%,0%,0%,8%,40%
22,georgetown-university,6%,9%,8%,16%,4%,0%,0%,3%,53%
23,university-of-michigan---ann-arbor,4%,13%,5%,7%,4%,0%,0%,5%,60%
24,amherst-college,11%,14%,14%,9%,5%,0%,0%,4%,42%
25,tufts-university,4%,11%,6%,11%,5%,0%,0%,7%,56%
26,johns-hopkins-university,7%,22%,12%,12%,5%,0%,0%,4%,38%
27,emory-university,9%,18%,8%,18%,3%,0%,0%,4%,40%
28,university-of-virginia,6%,12%,6%,5%,4%,0%,0%,10%,57%
29,university-of-california---los-angeles,3%,29%,22%,12%,5%,0%,0%,2%,27%
30,swarthmore-college,6%,16%,13%,12%,7%,0%,0%,4%,42%
31,united-states-military-academy-at-west-point,1%,0%,1%,64%
32,middlebury-college,4%,6%,9%,10%,5%,0%,0%,5%,61%
33,carnegie-mellon-university,5%,27%,9%,20%,4%,0%,0%,7%,28%
34,barnard-college,6%,14%,12%,10%,6%,0%,0%,0%,51%
35,carleton-college,4%,8%,7%,10%,6%,0%,0%,2%,62%
36,washington--and--lee-university,2%,3%,4%,4%,3%,0%,0%,1%,83%
37,university-of-california---berkeley,2%,35%,15%,13%,4%,0%,0%,4%,26%
38,georgia-institute-of-technology,7%,20%,6%,11%,4%,0%,0%,3%,49%
39,wellesley-college,6%,24%,12%,12%,7%,0%,40%
40,haverford-college,7%,10%,8%,9%,4%,0%,0%,2%,59%
41,claremont-mckenna-college,5%,10%,14%,17%,6%,0%,0%,6%,42%
42,williams-college,7%,12%,12%,9%,6%,0%,0%,0%,54%
43,bates-college,5%,4%,9%,7%,5%,0%,0%,0%,70%
44,university-of-north-carolina-at-chapel-hill,8%,10%,8%,3%,4%,1%,0%,4%,62%
45,wake-forest-university,7%,4%,7%,9%,3%,0%,0%,0%,70%
46,northeastern-university,4%,12%,7%,20%,4%,0%,0%,5%,47%
47,virginia-tech,4%,10%,6%,6%,5%,0%,0%,3%,66%
48,university-of-texas---austin,4%,20%,23%,6%,4%,0%,0%,1%,42%
49,lehigh-university,4%,9%,9%,8%,2%,0%,0%,5%,63%
50,colby-college,4%,6%,7%,11%,5%,0%,0%,5%,63%
51,boston-college,4%,9%,9%,9%,3%,0%,0%,6%,60%
52,college-of-william--and--mary,7%,8%,9%,7%,5%,0%,0%,6%,59%
53,hamilton-college,4%,7%,8%,6%,3%,0%,0%,8%,64%
54,davidson-college,7%,5%,8%,7%,4%,1%,0%,1%,67%
55,colgate-university,5%,4%,9%,9%,4%,0%,0%,4%,66%
56,smith-college,6%,12%,10%,14%,5%,0%,0%,8%,45%
57,new-york-university,5%,19%,13%,18%,4%,0%,0%,7%,33%
58,university-of-richmond,7%,7%,7%,11%,4%,0%,0%,6%,58%
59,wesleyan-university,7%,7%,10%,11%,5%,0%,0%,5%,55%
60,university-of-wisconsin,2%,6%,5%,11%,3%,0%,0%,0%,73%
61,harvey-mudd-college,3%,19%,16%,11%,9%,0%,0%,5%,35%
62,university-of-florida,6%,8%,21%,2%,3%,0%,1%,3%,55%
63,university-of-rochester,5%,11%,7%,20%,3%,0%,0%,7%,48%
64,university-of-illinois-at-urbana-champaign,6%,18%,10%,17%,3%,0%,0%,1%,46%
65,bucknell-university,4%,5%,6%,6%,4%,0%,0%,0%,75%
66,boston-university,4%,13%,10%,22%,3%,0%,0%,9%,40%
67,university-of-georgia,8%,10%,6%,2%,4%,0%,0%,1%,70%
68,grinnell-college,6%,8%,8%,17%,5%,0%,0%,5%,52%
69,brigham-young-university,1%,2%,6%,3%,4%,0%,1%,1%,82%
70,tulane-university,9%,4%,7%,4%,4%,0%,0%,2%,71%
71,colorado-school-of-mines,1%,5%,7%,7%,5%,0%,0%,1%,73%
72,vassar-college,5%,12%,11%,8%,6%,0%,0%,0%,58%
73,kenyon-college,4%,4%,4%,5%,8%,0%,0%,3%,73%
74,university-of-washington,2%,21%,7%,12%,6%,0%,0%,13%,37%
75,lafayette-college,5%,4%,7%,10%,2%,0%,0%,6%,65%
76,case-western-reserve-university,4%,20%,6%,13%,5%,0%,0%,3%,50%
77,the-cooper-union-for-the-advancement-of-science-and-art,3%,19%,10%,19%,7%,0%,0%,14%,29%
78,southern-methodist-university,5%,7%,11%,8%,4%,0%,0%,0%,64%
79,rensselaer-polytechnic-institute,3%,11%,9%,12%,7%,0%,0%,2%,56%
80,purdue-university,3%,7%,5%,16%,2%,0%,0%,3%,64%
81,university-of-miami,8%,5%,23%,15%,3%,0%,0%,5%,41%
82,worcester-polytechnic-institute,3%,4%,9%,11%,3%,0%,0%,12%,59%
83,bryn-mawr-college,6%,12%,9%,23%,6%,0%,0%,8%,36%
84,colorado-college,2%,4%,8%,8%,8%,0%,0%,5%,64%
85,macalester-college,3%,6%,6%,14%,5%,0%,0%,4%,62%
86,university-of-california---santa-barbara,2%,18%,26%,8%,8%,0%,0%,3%,33%
87,college-of-the-holy-cross,4%,5%,10%,3%,3%,0%,0%,5%,70%
88,university-of-minnesota---twin-cities,5%,9%,4%,8%,3%,0%,0%,4%,67%
89,penn-state,4%,6%,6%,12%,3%,0%,0%,2%,67%
90,texas-a-and-m-university,3%,6%,23%,2%,3%,0%,0%,0%,63%
91,the-ohio-state-university,6%,6%,4%,8%,3%,0%,0%,3%,69%
92,stevens-institute-of-technology,2%,11%,10%,5%,0%,0%,0%,6%,66%
93,pitzer-college,5%,9%,15%,8%,9%,0%,0%,7%,46%
94,mount-holyoke-college,5%,11%,8%,27%,3%,0%,0%,1%,45%
95,north-carolina-state-university,6%,6%,5%,5%,4%,0%,0%,6%,69%
96,santa-clara-university,3%,17%,17%,4%,7%,0%,0%,4%,48%
97,reed-college,2%,6%,11%,9%,8%,0%,0%,5%,58%
98,villanova-university,5%,7%,7%,2%,2%,0%,0%,3%,74%
99,rose-hulman-institute-of-technology,2%,4%,4%,13%,4%,0%,0%,2%,70%
100,whitman-college,1%,5%,7%,6%,7%,0%,0%,3%,70%
101,scripps-college,4%,15%,11%,5%,6%,0%,0%,6%,52%
102,clemson-university,7%,2%,4%,1%,3%,0%,0%,0%,83%
103,michigan-state-university,7%,5%,4%,13%,3%,0%,0%,1%,67%
104,university-of-tulsa,5%,4%,5%,25%,1%,3%,0%,2%,56%
105,university-of-maryland---college-park,13%,16%,10%,5%,4%,0%,0%,2%,50%
106,babson-college,5%,12%,10%,27%,2%,0%,0%,5%,38%
107,wheaton-college---illinois,3%,9%,5%,3%,4%,0%,0%,1%,75%
108,trinity-university---texas,4%,6%,21%,7%,5%,0%,0%,2%,55%
109,university-of-pittsburgh,5%,10%,4%,4%,4%,0%,0%,1%,72%
110,university-of-california---davis,2%,30%,20%,13%,5%,0%,0%,2%,27%
111,yeshiva-university,0%,0%,0%,5%,0%,0%,0%,1%,94%
112,gettysburg-college,3%,2%,6%,7%,3%,0%,0%,2%,76%
113,brandeis-university,5%,13%,7%,21%,3%,0%,0%,5%,46%
114,george-washington-university,7%,10%,9%,11%,4%,0%,0%,7%,52%
115,skidmore-college,4%,5%,9%,10%,4%,0%,0%,4%,63%
116,st-olaf-college,2%,7%,6%,8%,3%,0%,0%,1%,73%
117,michigan-technological-university,1%,1%,2%,3%,3%,0%,0%,2%,87%
118,university-of-california---irvine,2%,36%,26%,16%,4%,0%,0%,1%,14%
119,indiana-university---bloomington,5%,5%,6%,9%,4%,0%,0%,1%,70%
120,occidental-college,6%,14%,15%,7%,8%,0%,0%,2%,48%
121,florida-state-university,9%,2%,20%,2%,3%,0%,0%,2%,62%
122,university-of-california---san-diego,1%,36%,17%,19%,5%,0%,0%,2%,20%
123,university-of-iowa,3%,4%,7%,10%,3%,0%,0%,4%,68%
124,loyola-marymount-university,6%,11%,20%,10%,8%,0%,0%,0%,44%
125,california-polytechnic-state-university---san-luis-obispo,1%,12%,16%,2%,7%,0%,0%,5%,57%
126,union-college---new-york,4%,6%,7%,8%,3%,0%,0%,1%,71%
127,university-of-delaware,6%,5%,8%,4%,3%,0%,0%,2%,71%
128,iowa-state-university,3%,3%,5%,7%,2%,0%,0%,5%,74%
129,lawrence-university,4%,5%,8%,12%,3%,0%,0%,1%,67%
130,american-university,7%,6%,12%,11%,4%,0%,0%,5%,55%
131,texas-christian-university,5%,3%,12%,5%,0%,1%,0%,2%,71%
132,syracuse-university,7%,7%,11%,7%,3%,1%,0%,4%,60%
133,rutgers-university---new-brunswick,8%,25%,13%,8%,3%,0%,0%,3%,40%
134,franklin--and--marshall-college,5%,5%,9%,15%,2%,0%,0%,6%,57%
135,university-of-massachusetts---amherst,4%,9%,6%,6%,3%,0%,0%,8%,64%
136,wabash-college,6%,1%,8%,7%,2%,0%,0%,3%,72%
137,denison-university,7%,4%,9%,9%,4%,0%,0%,2%,66%
138,gustavus-adolphus-college,2%,5%,5%,4%,3%,0%,0%,1%,79%
139,bentley-university,3%,8%,8%,15%,2%,0%,0%,3%,61%
140,auburn-university,7%,2%,3%,5%,1%,0%,0%,1%,80%
141,oberlin-college,5%,4%,7%,9%,7%,0%,0%,1%,66%
142,james-madison-university,5%,5%,6%,3%,4%,0%,0%,3%,74%
143,pepperdine-university,5%,11%,15%,11%,5%,0%,0%,4%,48%
144,sewanee---the-university-of-the-south,4%,2%,5%,3%,3%,0%,0%,0%,82%
145,saint-louis-university,6%,7%,4%,4%,4%,0%,0%,2%,73%
146,university-of-portland,1%,12%,12%,3%,9%,0%,2%,2%,59%
147,university-of-oklahoma,5%,6%,9%,6%,8%,4%,0%,4%,59%
148,university-of-denver,2%,4%,10%,9%,3%,0%,0%,3%,68%
149,university-of-san-diego,3%,7%,19%,11%,6%,0%,0%,3%,50%
150,oklahoma-state-university,5%,2%,7%,5%,9%,5%,0%,1%,67%
151,washington-state-university,3%,6%,14%,5%,7%,1%,0%,3%,60%
152,university-of-alabama---birmingham,26%,6%,3%,3%,4%,0%,0%,1%,56%
153,university-of-south-florida,11%,7%,21%,6%,4%,0%,0%,2%,49%
154,university-of-dayton,3%,1%,4%,11%,2%,0%,0%,2%,77%
155,furman-university,5%,2%,5%,4%,3%,0%,0%,3%,78%
156,miami-university,3%,4%,4%,13%,3%,0%,0%,1%,72%
157,the-university-of-alabama,11%,1%,4%,3%,3%,0%,0%,0%,77%
158,baylor-university,7%,6%,15%,4%,5%,0%,0%,0%,63%
159,university-of-kansas,5%,5%,8%,7%,5%,0%,0%,1%,70%
160,rhode-island-school-of-design,3%,20%,8%,27%,5%,0%,0%,5%,32%
161,arizona-state-university,4%,7%,19%,13%,4%,1%,0%,1%,51%
162,kansas-state-university,4%,2%,7%,6%,3%,0%,0%,1%,77%
163,mississippi-state-university,21%,1%,3%,1%,2%,0%,0%,0%,71%
164,university-of-utah,1%,5%,12%,5%,5%,0%,0%,6%,65%
165,university-of-colorado---boulder,2%,5%,11%,7%,5%,0%,0%,1%,68%
166,suny-college-of-environmental-science--and--forestry,2%,4%,5%,2%,3%,0%,0%,5%,80%
167,temple-university,13%,11%,6%,7%,3%,0%,0%,5%,55%
168,university-of-missouri,8%,2%,4%,4%,3%,0%,0%,1%,78%
169,missouri-university-of-science--and--technology,3%,3%,3%,5%,3%,0%,0%,3%,79%
170,binghamton-university-suny,5%,14%,11%,9%,2%,0%,0%,2%,56%
171,university-of-arkansas,5%,2%,8%,4%,3%,1%,0%,1%,76%
172,the-college-of-new-jersey,6%,11%,13%,0%,0%,0%,0%,4%,65%
173,university-of-south-carolina,9%,3%,4%,4%,4%,0%,0%,1%,75%
174,luther-college,2%,2%,5%,7%,2%,0%,0%,0%,82%
175,university-of-nebraska---lincoln,3%,3%,6%,9%,3%,0%,0%,1%,75%
176,united-states-merchant-marine-academy,3%,8%,10%,1%,0%,2%,0%,2%,74%
177,trinity-college---connecticut,6%,4%,7%,10%,3%,0%,0%,6%,64%
178,university-of-st-thomas---minnesota,3%,4%,5%,3%,3%,0%,0%,1%,81%
179,university-at-buffalo-suny,8%,14%,7%,17%,2%,0%,0%,6%,47%
180,drake-university,4%,3%,4%,7%,2%,0%,0%,1%,78%
181,university-of-connecticut,6%,10%,10%,7%,3%,0%,0%,5%,59%
182,loyola-university-maryland,5%,4%,10%,1%,3%,0%,0%,0%,77%
183,illinois-wesleyan-university,4%,4%,7%,9%,3%,0%,0%,2%,71%
184,chapman-university,2%,11%,15%,5%,7%,0%,0%,5%,56%
185,dickinson-college,5%,3%,7%,11%,4%,0%,0%,1%,68%
186,ohio-northern-university,4%,1%,1%,4%,3%,0%,0%,8%,79%
187,lewis--and--clark-college,2%,6%,10%,6%,3%,1%,0%,7%,64%
188,university-of-cincinnati,8%,4%,3%,5%,3%,0%,0%,4%,73%
189,virginia-military-institute,6%,5%,6%,2%,1%,1%,0%,0%,80%
190,florida-institute-of-technology,6%,2%,7%,36%,2%,0%,0%,6%,41%
191,university-of-central-florida,12%,6%,25%,2%,4%,0%,0%,1%,50%
192,texas-tech-university,6%,2%,24%,5%,2%,0%,0%,1%,58%
193,illinois-institute-of-technology,6%,13%,15%,22%,3%,0%,0%,8%,33%
194,colorado-state-university,3%,3%,12%,4%,4%,1%,0%,3%,72%
195,new-mexico-tech,2%,3%,31%,2%,5%,4%,0%,1%,51%
196,milwaukee-school-of-engineering,2%,4%,5%,12%,2%,0%,0%,8%,66%
197,calvin-college,3%,5%,5%,10%,3%,0%,0%,2%,72%
198,rochester-institute-of-technology,4%,7%,6%,6%,3%,0%,0%,14%,59%
199,university-of-oregon,2%,5%,11%,14%,7%,1%,0%,2%,58%
200,college-of-wooster,8%,5%,5%,12%,0%,1%,0%,2%,67%
201,university-of-wyoming,1%,1%,7%,4%,3%,1%,0%,10%,72%
202,drexel-university,8%,14%,6%,12%,3%,0%,1%,4%,52%
203,augustana-university,2%,1%,3%,10%,2%,0%,0%,1%,82%
204,the-university-of-alabama-in-huntsville,11%,4%,4%,3%,2%,1%,0%,8%,67%
205,depauw-university,5%,3%,5%,9%,6%,0%,0%,3%,68%
206,university-of-scranton,2%,3%,9%,2%,2%,0%,0%,2%,80%
207,st-louis-college-of-pharmacy,8%,20%,1%,5%,2%,0%,0%,4%,60%
208,baptist-health-system-school-of-health-professions
209,university-of-mississippi,14%,2%,3%,3%,2%,0%,0%,1%,76%
210,university-of-arizona,4%,5%,25%,7%,5%,1%,0%,1%,50%
211,point-loma-nazarene-university,2%,7%,25%,1%,8%,0%,1%,2%,54%
212,creighton-university,3%,9%,8%,3%,4%,0%,0%,3%,69%
213,fordham-university,4%,9%,14%,8%,3%,0%,0%,5%,56%
214,depaul-university,9%,8%,18%,4%,4%,0%,0%,4%,53%
215,clark-university,5%,7%,7%,15%,2%,0%,0%,9%,55%
216,rollins-college,5%,3%,17%,9%,3%,0%,0%,4%,58%
217,clarkson-university,2%,3%,5%,4%,2%,0%,0%,2%,81%
218,southwestern-university,5%,4%,21%,2%,3%,0%,0%,1%,62%
219,marquette-university,4%,6%,11%,4%,4%,0%,0%,1%,70%
220,university-of-texas---dallas,6%,29%,19%,4%,4%,0%,0%,2%,36%
221,ouachita-baptist-university,9%,1%,4%,2%,1%,1%,0%,0%,83%
222,university-of-evansville,3%,2%,3%,15%,2%,0%,0%,10%,65%
223,gonzaga-university,1%,5%,10%,2%,6%,1%,0%,4%,71%
224,fairfield-university,3%,2%,7%,3%,1%,0%,0%,11%,72%
225,providence-college,4%,1%,9%,2%,2%,0%,0%,5%,77%
226,liberty-university,12%,1%,5%,1%,2%,0%,0%,31%,47%
227,butler-university,4%,3%,4%,1%,3%,0%,0%,3%,82%
228,rutgers-university---newark,18%,19%,25%,9%,2%,0%,0%,5%,23%
229,st-lawrence-university,3%,2%,4%,9%,2%,0%,0%,2%,78%
230,rhodes-college,8%,6%,5%,4%,4%,0%,0%,2%,71%
231,university-of-vermont,1%,3%,5%,6%,3%,0%,0%,2%,80%
232,keiser-university---fort-lauderdale,23%,2%,30%,0%,3%,1%,0%,2%,38%
233,louisiana-state-university,13%,4%,6%,2%,2%,0%,0%,1%,71%
234,allegheny-college,6%,2%,8%,4%,14%,0%,0%,3%,63%
235,hendrix-college,6%,5%,5%,4%,3%,1%,0%,4%,73%
236,union-university,20%,2%,2%,0%,0%,1%,0%,4%,71%
237,hobart-and-william-smith-colleges,6%,3%,5%,7%,0%,0%,0%,6%,72%
238,augustana-college---illinois,4%,2%,10%,5%,3%,0%,0%,1%,75%
239,manhattan-college,5%,5%,21%,3%,2%,0%,0%,7%,57%
240,university-of-houston,10%,21%,33%,4%,3%,0%,0%,1%,26%
241,oregon-state-university,1%,7%,9%,9%,7%,1%,0%,3%,63%
242,connecticut-college,4%,4%,9%,7%,3%,0%,0%,4%,70%
243,ohio-university,6%,1%,3%,3%,3%,0%,0%,2%,82%
244,hope-college,3%,2%,9%,2%,2%,0%,0%,0%,82%
245,john-carroll-university,6%,2%,3%,3%,2%,0%,0%,2%,82%
246,appalachian-state-university,4%,2%,5%,1%,3%,0%,0%,1%,83%
247,university-of-tennessee,7%,3%,4%,2%,3%,0%,0%,3%,78%
248,concordia-college,2%,1%,2%,4%,2%,1%,0%,5%,84%
249,california-state-university---long-beach,4%,22%,40%,7%,5%,0%,0%,4%,18%
250,agnes-scott-college,28%,7%,10%,11%,6%,0%,0%,3%,35%
251,wofford-college,8%,3%,3%,2%,3%,0%,0%,1%,80%
252,south-dakota-school-of-mines--and--technology,1%,1%,5%,3%,4%,2%,0%,2%,82%
253,taylor-university,3%,3%,4%,7%,1%,1%,0%,0%,81%
254,samford-university,7%,1%,4%,3%,2%,0%,0%,1%,82%
255,spelman-college,96%,0%,0%,1%,1%,1%,0%,0%,0%
256,stony-brook-university-suny,6%,22%,12%,14%,2%,0%,0%,8%,35%
257,nebraska-wesleyan-university,2%,1%,5%,1%,2%,0%,0%,34%,55%
258,millsaps-college,17%,4%,4%,4%,0%,1%,0%,3%,68%
259,san-diego-state-university,4%,13%,31%,7%,6%,0%,0%,5%,33%
260,university-of-san-francisco,3%,21%,20%,19%,7%,0%,1%,3%,27%
261,loyola-university-chicago,5%,11%,14%,5%,4%,0%,0%,7%,53%
262,university-of-southern-mississippi,29%,1%,3%,2%,2%,0%,0%,1%,61%
263,biola-university,3%,17%,21%,3%,6%,0%,0%,3%,47%
264,cedarville-university,1%,2%,3%,1%,3%,0%,0%,4%,85%
265,university-of-wisconsin---la-crosse,1%,2%,4%,2%,3%,0%,0%,0%,89%
266,letourneau-university,11%,1%,8%,3%,7%,0%,0%,5%,63%
267,university-of-the-pacific,3%,41%,18%,3%,6%,0%,0%,4%,25%
268,bradley-university,4%,3%,6%,5%,2%,0%,0%,25%,55%
269,embry-riddle-aeronautical-university---daytona-beach,6%,5%,5%,14%,8%,0%,0%,9%,53%
270,cuny-baruch-college,9%,31%,25%,11%,1%,0%,0%,0%,22%
271,digipen-institute-of-technology,1%,5%,5%,11%,5%,0%,0%,34%,38%
272,west-virginia-university,5%,2%,4%,7%,4%,0%,0%,0%,79%
273,florida-international-university,13%,2%,66%,6%,3%,0%,0%,1%,10%
274,university-of-kentucky,8%,3%,4%,3%,4%,0%,0%,3%,75%
275,coe-college,6%,2%,8%,6%,3%,0%,0%,7%,68%
276,duquesne-university,6%,3%,3%,4%,3%,0%,0%,2%,79%
277,bob-jones-university,2%,2%,1%,6%,7%,0%,1%,6%,76%
278,albany-college-of-pharmacy--and--health-sciences,4%,15%,4%,6%,2%,0%,0%,4%,65%
279,george-mason-university,11%,18%,14%,5%,4%,0%,0%,4%,44%
280,rockhurst-university,5%,3%,8%,1%,4%,0%,0%,6%,72%
281,university-of-california---santa-cruz,2%,22%,30%,4%,8%,0%,0%,2%,32%
282,st-norbert-college,1%,1%,4%,3%,2%,1%,0%,0%,87%
283,st-john-fisher-college,4%,3%,4%,0%,2%,0%,0%,2%,84%
284,austin-college,8%,14%,19%,3%,3%,1%,0%,0%,52%
285,muhlenberg-college,4%,3%,7%,3%,1%,0%,0%,8%,73%
286,university-of-illinois-at-chicago,8%,21%,30%,4%,3%,0%,0%,1%,32%
287,whitworth-university,2%,5%,9%,4%,7%,1%,0%,1%,72%
288,harding-university,4%,1%,3%,7%,2%,1%,0%,1%,81%
289,elon-university,6%,2%,6%,2%,3%,0%,0%,0%,80%
290,saint-josephs-university,7%,3%,7%,2%,2%,0%,0%,2%,77%
291,marist-college,4%,3%,9%,2%,2%,0%,0%,8%,71%
292,juniata-college,3%,4%,4%,12%,3%,0%,0%,5%,69%
293,university-of-colorado---denver,5%,8%,22%,5%,5%,0%,0%,3%,51%
294,berea-college,14%,2%,9%,8%,6%,0%,0%,4%,57%
295,embry-riddle-aeronautical-university---prescott,2%,5%,4%,9%,11%,0%,1%,9%,59%
296,university-of-louisville,12%,4%,5%,2%,5%,0%,0%,0%,73%
297,university-of-idaho,1%,2%,10%,6%,4%,1%,0%,6%,70%
298,seattle-pacific-university,4%,11%,11%,5%,9%,0%,1%,2%,58%
299,andrews-university,17%,16%,16%,13%,4%,0%,0%,3%,31%
300,university-of-new-hampshire,1%,3%,3%,4%,2%,0%,0%,7%,80%
301,college-of-the-ozarks,1%,1%,2%,1%,3%,0%,0%,1%,91%
302,seton-hall-university,10%,10%,18%,3%,4%,0%,0%,7%,48%
303,university-of-puget-sound,1%,6%,8%,0%,8%,0%,0%,2%,73%
304,kettering-university,3%,4%,4%,6%,3%,0%,0%,7%,73%
305,mercer-university,32%,6%,5%,3%,3%,0%,0%,5%,46%
306,pacific-lutheran-university,3%,10%,8%,3%,8%,1%,1%,1%,65%
307,kalamazoo-college,6%,7%,10%,9%,4%,0%,0%,5%,58%
308,christopher-newport-university,8%,3%,5%,0%,5%,0%,0%,5%,74%
309,truman-state-university,4%,2%,3%,8%,3%,0%,0%,2%,78%
310,loyola-university-new-orleans,15%,3%,16%,4%,5%,0%,0%,7%,51%
311,louisiana-tech-university,13%,1%,4%,2%,3%,0%,0%,10%,67%
312,seattle-university,3%,15%,10%,11%,7%,0%,1%,13%,40%
313,college-of-saint-benedict,3%,6%,7%,5%,1%,1%,0%,0%,78%
314,willamette-university,2%,8%,12%,12%,8%,0%,0%,3%,54%
315,university-of-dallas,2%,5%,21%,3%,3%,1%,0%,2%,62%
316,catholic-university-of-america,6%,4%,13%,5%,5%,0%,0%,3%,64%
317,nova-southeastern-university,17%,9%,31%,5%,2%,0%,0%,4%,32%
318,valparaiso-university,6%,2%,9%,6%,3%,0%,0%,3%,71%
319,university-of-missouri---kansas-city,12%,5%,8%,5%,4%,0%,0%,4%,62%
320,the-new-school,5%,9%,12%,33%,8%,0%,0%,0%,32%
321,goshen-college,4%,2%,19%,8%,2%,0%,0%,1%,64%
322,oral-roberts-university,17%,3%,9%,5%,8%,3%,0%,9%,46%
323,cuny-john-jay-college-of-criminal-justice,18%,10%,50%,3%,1%,0%,0%,0%,18%
324,university-of-northern-iowa,3%,1%,4%,5%,2%,0%,0%,4%,81%
325,ithaca-college,6%,4%,8%,2%,3%,0%,0%,5%,72%
326,university-of-maryland---baltimore-county,18%,21%,7%,4%,4%,0%,0%,4%,43%
327,st-marys-college-of-maryland,9%,4%,9%,1%,5%,0%,0%,3%,69%
328,north-dakota-state-university,3%,1%,2%,2%,3%,1%,0%,2%,85%
329,adelphi-university,9%,10%,16%,4%,2%,0%,0%,8%,51%
330,westmont-college,2%,8%,15%,4%,6%,1%,0%,4%,60%
331,xavier-university,10%,3%,5%,3%,4%,0%,0%,5%,71%
332,new-jersey-institute-of-technology,8%,20%,19%,4%,3%,0%,0%,16%,30%
333,university-of-louisiana---lafayette,20%,2%,5%,2%,2%,0%,0%,6%,63%
334,university-of-massachusetts---lowell,6%,9%,10%,5%,3%,0%,0%,5%,61%
335,st-marys-university---texas,3%,2%,66%,10%,1%,0%,0%,4%,14%
336,maryville-university,9%,3%,4%,5%,2%,0%,0%,7%,70%
337,john-brown-university,3%,2%,6%,4%,4%,2%,0%,3%,76%
338,centre-college,5%,5%,4%,7%,3%,0%,0%,0%,75%
339,azusa-pacific-university,5%,10%,31%,3%,8%,0%,1%,2%,40%
340,midamerica-nazarene-university,14%,2%,1%,0%,3%,1%,1%,16%,63%
341,bryant-university,4%,4%,7%,7%,1%,0%,0%,2%,74%
342,emerson-college,3%,4%,11%,8%,4%,0%,0%,3%,66%
343,regis-university,5%,4%,18%,3%,3%,1%,0%,12%,54%
344,university-of-michigan---dearborn,10%,7%,6%,3%,3%,0%,0%,4%,67%
345,baldwin-wallace-university,10%,2%,6%,2%,4%,0%,0%,0%,76%
346,dordt-college,2%,1%,3%,9%,1%,0%,0%,3%,82%
347,georgia-southern-university,26%,2%,5%,2%,2%,0%,0%,1%,61%
348,citadel-military-college-of-south-carolina,9%,2%,7%,1%,4%,0%,0%,0%,76%
349,martin-luther-college,1%,1%,1%,2%,1%,0%,0%,0%,94%
350,university-of-north-carolina-at-asheville,4%,2%,6%,1%,4%,1%,0%,3%,78%
351,western-michigan-university,12%,2%,5%,5%,4%,0%,0%,1%,70%
352,virginia-commonwealth-university,18%,12%,8%,5%,6%,0%,0%,2%,48%
353,university-of-north-carolina---wilmington,5%,2%,7%,1%,3%,1%,0%,3%,77%
354,texas-state-university,10%,2%,36%,1%,3%,0%,0%,0%,47%
355,university-of-wisconsin---eau-claire,1%,4%,3%,3%,2%,0%,0%,0%,88%
356,howard-university,90%,1%,1%,6%,0%,0%,0%,0%,1%
357,knox-college,8%,6%,14%,15%,5%,0%,0%,3%,48%
358,university-at-albany-suny,16%,8%,15%,6%,3%,0%,0%,6%,45%
359,northwest-nazarene-university,1%,3%,13%,1%,1%,0%,0%,5%,76%
360,university-of-la-verne,6%,4%,48%,3%,3%,0%,1%,12%,22%
361,university-of-north-texas,13%,6%,23%,4%,7%,0%,0%,1%,46%
362,university-of-california---riverside,4%,35%,39%,4%,4%,0%,0%,1%,13%
363,eckerd-college,6%,2%,8%,5%,3%,0%,0%,1%,75%
364,utah-state-university,1%,1%,6%,1%,2%,2%,0%,5%,81%
365,saint-michaels-college,2%,2%,4%,5%,2%,0%,0%,3%,82%
366,stanbridge-university,2%,22%,28%,0%,5%,0%,2%,20%,21%
367,university-of-the-sciences,7%,35%,5%,1%,3%,0%,0%,6%,42%
368,university-of-st-thomas---texas,7%,11%,41%,9%,3%,0%,0%,2%,27%
369,university-of-north-carolina-at-charlotte,16%,6%,9%,3%,4%,0%,0%,3%,58%
370,east-carolina-university,16%,3%,6%,1%,3%,1%,0%,3%,67%
371,california-lutheran-university,3%,5%,29%,4%,7%,0%,0%,4%,47%
372,ball-state-university,8%,1%,4%,2%,3%,0%,0%,3%,78%
373,rutgers-university---camden,17%,9%,14%,1%,4%,0%,0%,2%,52%
374,university-of-minnesota---morris,2%,3%,4%,13%,11%,7%,0%,1%,58%
375,mississippi-college,19%,2%,3%,7%,1%,1%,0%,1%,67%
376,university-of-north-florida,10%,4%,11%,2%,5%,0%,0%,0%,67%
377,indiana-wesleyan-university,4%,1%,4%,1%,3%,0%,0%,1%,85%
378,fashion-institute-of-technology,10%,11%,18%,12%,3%,0%,0%,1%,44%
379,hanover-college,5%,1%,3%,4%,1%,1%,0%,5%,80%
380,arizona-state-university---downtown-phoenix-campus,6%,5%,29%,2%,4%,2%,0%,1%,50%
381,dallas-baptist-university,15%,2%,16%,10%,0%,1%,0%,0%,56%
382,stonehill-college,5%,2%,5%,1%,2%,0%,0%,3%,82%
383,loras-college,2%,1%,7%,2%,2%,0%,0%,7%,79%
384,illinois-state-university,8%,2%,10%,1%,3%,0%,0%,0%,75%
385,william-carey-university,28%,2%,2%,2%,1%,0%,0%,3%,62%
386,berklee-college-of-music,6%,4%,9%,29%,3%,0%,0%,12%,36%
387,franciscan-missionaries-of-our-lady-university,19%,4%,10%,0%,0%,1%,0%,8%,58%
388,university-of-nevada---reno,3%,7%,20%,1%,6%,1%,1%,2%,59%
389,college-of-charleston,8%,2%,5%,1%,4%,0%,0%,1%,78%
390,jefferson-college-of-health-sciences,9%,2%,5%,0%,4%,0%,0%,2%,78%
391,pittsburg-state-university,4%,1%,5%,7%,6%,1%,0%,0%,76%
392,oregon-institute-of-technology,2%,7%,10%,2%,5%,1%,1%,7%,65%
393,cuny-brooklyn-college,24%,18%,22%,3%,2%,0%,0%,0%,30%
394,university-of-washington---tacoma,8%,19%,13%,5%,8%,1%,1%,2%,43%
395,university-of-north-dakota,3%,2%,4%,8%,3%,1%,0%,2%,77%
396,california-state-university---fullerton,2%,21%,42%,6%,4%,0%,0%,4%,21%
397,winthrop-university,29%,1%,5%,2%,3%,0%,0%,0%,59%
398,the-masters-university,2%,4%,6%,3%,5%,0%,0%,24%,55%
399,cuny-queens-college,9%,28%,28%,5%,1%,0%,0%,0%,28%
400,wittenberg-university,9%,1%,3%,2%,5%,0%,0%,2%,77%
401,gannon-university,5%,2%,3%,9%,2%,0%,0%,8%,71%
402,saint-marys-college---indiana,2%,2%,11%,2%,3%,0%,0%,7%,74%
403,california-state-university---chico,2%,6%,31%,4%,5%,1%,0%,8%,44%
404,wayne-state-university,18%,8%,5%,3%,4%,0%,0%,4%,58%
405,university-of-memphis,36%,4%,5%,1%,4%,0%,0%,1%,49%
406,st-bonaventure-university,6%,4%,7%,3%,2%,0%,0%,9%,68%
407,lake-forest-college,6%,5%,15%,8%,3%,0%,0%,7%,56%
408,beloit-college,5%,3%,9%,14%,3%,0%,0%,4%,61%
409,washington--and--jefferson-college,5%,2%,3%,5%,3%,0%,0%,5%,76%
410,eastern-mennonite-university,8%,2%,7%,3%,3%,0%,0%,3%,73%
411,suny-maritime-college,4%,5%,12%,3%,2%,0%,0%,5%,69%
412,cuny-city-college-of-new-york,17%,23%,37%,6%,2%,0%,0%,0%,15%
413,earlham-college,11%,6%,6%,21%,0%,0%,0%,6%,48%
414,university-of-nebraska-at-kearney,2%,1%,11%,8%,2%,0%,0%,0%,76%
415,western-washington-university,2%,6%,8%,1%,8%,0%,0%,2%,71%
416,quinnipiac-university,5%,3%,9%,2%,5%,0%,0%,3%,74%
417,university-of-north-alabama,14%,1%,3%,4%,3%,1%,0%,3%,72%
418,simmons-college,7%,9%,7%,4%,4%,0%,0%,3%,65%
419,albion-college,9%,3%,6%,3%,3%,0%,0%,8%,68%
420,bellarmine-university,5%,2%,3%,1%,3%,0%,0%,6%,79%
421,salisbury-university,15%,3%,4%,2%,3%,1%,0%,3%,69%
422,roanoke-college,6%,1%,4%,4%,4%,0%,0%,0%,81%
423,university-of-st-francis---illinois,8%,2%,18%,2%,3%,0%,0%,1%,65%
424,ursinus-college,6%,4%,6%,3%,3%,0%,0%,3%,73%
425,university-of-south-florida---st-petersburg,8%,4%,16%,1%,4%,0%,0%,2%,64%
426,towson-university,19%,6%,7%,2%,5%,0%,0%,3%,58%
427,westminster-college---utah,2%,3%,10%,5%,4%,1%,0%,6%,69%
428,sarah-lawrence-college,4%,4%,9%,13%,7%,0%,0%,9%,52%
429,otterbein-university,7%,2%,2%,2%,4%,0%,0%,6%,76%
430,university-of-wisconsin---whitewater,4%,2%,6%,2%,4%,0%,0%,0%,81%
431,illinois-college,12%,1%,9%,5%,4%,0%,0%,0%,69%
432,fashion-institute-of-design--and--merchandising---los-angeles,6%,11%,21%,18%,3%,1%,1%,6%,34%
433,birmingham-southern-college,12%,5%,2%,0%,1%,1%,0%,0%,79%
434,california-baptist-university,8%,5%,35%,2%,6%,1%,1%,4%,38%
435,arizona-state-university---west-campus,6%,5%,31%,6%,4%,2%,0%,1%,46%
436,saint-marys-college-of-california,4%,11%,25%,2%,6%,0%,1%,4%,46%
437,monmouth-university,5%,3%,12%,1%,2%,0%,0%,6%,70%
438,alfred-university,9%,2%,7%,3%,2%,0%,0%,19%,59%
439,murray-state-university,6%,1%,2%,4%,2%,0%,0%,3%,81%
440,eastern-illinois-university,19%,1%,7%,2%,2%,0%,0%,3%,66%
441,drew-university,8%,5%,9%,14%,4%,0%,0%,11%,49%
442,georgia-state-university,42%,13%,10%,3%,6%,0%,0%,1%,25%
443,montana-technological-university,1%,1%,1%,12%,0%,2%,0%,12%,71%
444,william-jessup-university,6%,4%,19%,1%,2%,1%,1%,5%,60%
445,suny-geneseo,3%,6%,8%,2%,3%,0%,0%,3%,75%
446,university-of-wisconsin---milwaukee,8%,7%,10%,4%,4%,0%,0%,0%,66%
447,milligan-college,3%,2%,5%,4%,3%,0%,0%,0%,84%
448,adventhealth-university,16%,7%,28%,0%,3%,0%,1%,6%,39%
449,suny-new-paltz,6%,5%,17%,4%,2%,0%,0%,4%,61%
450,florida-a-and-m-university,87%,1%,2%,1%,3%,0%,0%,0%,6%
451,berry-college,5%,1%,6%,1%,3%,0%,0%,2%,81%
452,university-of-nebraska-at-omaha,6%,4%,12%,4%,4%,0%,0%,2%,67%
453,spalding-university,17%,2%,3%,0%,3%,0%,0%,15%,59%
454,xavier-university-of-louisiana,77%,9%,3%,2%,3%,0%,0%,1%,3%
455,university-of-wisconsin---stevens-point,2%,3%,4%,2%,2%,0%,0%,0%,86%
456,mills-college,10%,8%,26%,2%,9%,1%,0%,1%,44%
457,carroll-college,0%,1%,6%,2%,3%,1%,0%,8%,79%
458,massachusetts-college-of-pharmacy--and--health-sciences,7%,23%,6%,13%,2%,0%,0%,7%,42%
459,university-of-massachusetts---boston,15%,11%,13%,12%,3%,0%,0%,12%,33%
460,university-of-new-hampshire-at-manchester,1%,4%,5%,0%,2%,0%,0%,15%,72%
461,transylvania-university,4%,1%,6%,4%,3%,0%,0%,2%,79%
462,abilene-christian-university,9%,1%,16%,4%,5%,0%,0%,0%,64%
463,george-fox-university,1%,4%,12%,3%,7%,1%,0%,2%,69%
464,wheaton-college---massachusetts,6%,5%,7%,12%,3%,0%,0%,2%,64%
465,brigham-young-university---hawaii,0%,3%,5%,35%,7%,1%,9%,10%,31%
466,university-of-mary-washington,8%,4%,8%,1%,5%,0%,0%,5%,69%
467,wilkes-university,4%,3%,6%,9%,3%,1%,0%,6%,68%
468,lipscomb-university,7%,3%,7%,3%,2%,0%,0%,2%,77%
469,university-of-minnesota-duluth,2%,3%,3%,2%,3%,1%,0%,7%,80%
470,jacksonville-university,15%,2%,9%,5%,2%,0%,1%,19%,46%
471,university-of-north-carolina---greensboro,27%,5%,8%,3%,4%,0%,0%,2%,50%
472,presbyterian-college,13%,1%,3%,11%,2%,0%,0%,1%,70%
473,university-of-baltimore,47%,4%,4%,2%,4%,0%,0%,7%,31%
474,university-of-redlands,4%,6%,28%,2%,5%,1%,1%,11%,44%
475,montana-state-university,1%,1%,4%,4%,4%,2%,0%,2%,83%
476,johnson-university,4%,1%,3%,1%,1%,0%,0%,5%,85%
477,saint-edwards-university,4%,3%,41%,8%,3%,0%,0%,2%,37%
478,university-of-minnesota---crookston,4%,2%,3%,4%,2%,1%,0%,28%,57%
479,stetson-university,8%,2%,15%,7%,4%,0%,0%,1%,63%
480,hampden-sydney-college,5%,1%,4%,1%,3%,0%,0%,2%,84%
481,florida-gulf-coast-university,7%,2%,20%,2%,3%,0%,0%,2%,65%
482,washington-college,7%,3%,5%,12%,1%,1%,0%,5%,67%
483,south-dakota-state-university,2%,1%,2%,4%,2%,1%,0%,0%,86%
484,lancaster-bible-college---capital-seminary--and--graduate-school,36%,1%,3%,0%,3%,0%,0%,5%,52%
485,grand-valley-state-university,5%,2%,5%,1%,3%,0%,0%,0%,82%
486,maine-maritime-academy,1%,1%,2%,0%,0%,0%,0%,8%,88%
487,hollins-university,12%,2%,6%,5%,5%,1%,0%,3%,65%
488,lycoming-college,10%,1%,8%,6%,3%,0%,0%,5%,66%
489,embry-riddle-aeronautical-university---worldwide,8%,3%,8%,2%,6%,0%,1%,15%,57%
490,indiana-university-purdue-university---indianapolis-iupui,10%,4%,7%,4%,4%,0%,0%,1%,70%
491,the-college-of-idaho,2%,2%,13%,7%,4%,1%,1%,5%,66%
492,california-institute-of-the-arts,6%,11%,14%,16%,4%,1%,0%,8%,41%
493,molloy-college,9%,7%,15%,0%,2%,0%,0%,1%,65%
494,western-illinois-university,21%,1%,11%,2%,3%,0%,0%,2%,60%
495,la-salle-university,21%,5%,17%,2%,3%,0%,0%,3%,50%
496,concordia-university---nebraska,4%,1%,5%,0%,1%,0%,0%,11%,77%
497,university-of-texas---arlington,16%,10%,25%,4%,3%,0%,0%,0%,40%
498,saint-johns-university---minnesota,5%,3%,7%,5%,1%,0%,0%,0%,79%
499,fresno-pacific-university,5%,4%,48%,1%,2%,1%,1%,6%,32%
500,stockton-university,7%,6%,13%,1%,3%,0%,0%,2%,69%
501,rowan-university,11%,4%,10%,1%,3%,0%,0%,5%,67%
502,northern-arizona-university,3%,2%,22%,5%,6%,3%,0%,1%,58%
503,university-of-connecticut---stamford,10%,9%,23%,6%,3%,0%,0%,3%,45%
504,cuny-lehman-college,28%,7%,54%,3%,1%,0%,0%,0%,8%
505,christian-brothers-university,32%,5%,7%,5%,3%,0%,0%,9%,40%
506,new-mexico-state-university,3%,1%,56%,5%,2%,2%,0%,1%,28%
507,northwestern-college---iowa,2%,1%,5%,4%,2%,0%,0%,5%,82%
508,st-johns-university---new-york,14%,14%,10%,4%,4%,0%,0%,8%,45%
509,houghton-college,4%,4%,1%,6%,4%,0%,0%,7%,74%
510,university-of-maine,2%,2%,3%,3%,3%,1%,0%,6%,80%
511,bryan-college---tennessee,5%,1%,2%,1%,1%,0%,0%,8%,82%
512,sam-houston-state-university,18%,2%,21%,1%,3%,1%,0%,2%,52%
513,pratt-institute,4%,12%,10%,25%,3%,0%,0%,8%,37%
514,bard-college,7%,6%,3%,13%,0%,1%,0%,12%,57%
515,montclair-state-university,11%,5%,25%,2%,3%,0%,0%,11%,42%
516,gallaudet-university,16%,4%,10%,7%,4%,0%,0%,6%,52%
517,lincoln-memorial-university,6%,1%,0%,0%,0%,1%,0%,7%,84%
518,alverno-college,13%,5%,23%,2%,4%,1%,0%,0%,52%
519,marian-university-indianapolis,13%,2%,5%,1%,3%,0%,0%,6%,70%
520,winona-state-university,3%,3%,3%,4%,2%,0%,0%,1%,84%
521,university-of-louisiana---monroe,23%,2%,2%,3%,2%,0%,0%,3%,65%
522,saint-francis-university,4%,2%,1%,1%,1%,0%,0%,9%,81%
523,art-center-college-of-design,1%,34%,12%,30%,4%,0%,0%,1%,16%
524,missouri-state-university,4%,2%,3%,4%,3%,1%,0%,2%,81%
525,emporia-state-university,5%,1%,7%,9%,7%,0%,0%,2%,68%
526,messiah-college,2%,2%,4%,5%,4%,0%,0%,1%,81%
527,whittier-college,4%,7%,47%,3%,6%,0%,0%,1%,31%
528,minneapolis-college-of-art--and--design,5%,8%,6%,4%,2%,2%,0%,9%,65%
529,university-of-detroit-mercy,13%,5%,5%,5%,3%,0%,0%,10%,59%
530,california-state-polytechnic-university---pomona,3%,23%,42%,6%,4%,0%,0%,4%,18%
531,university-of-west-florida,13%,3%,9%,3%,5%,0%,0%,2%,64%
532,bethany-lutheran-college,2%,0%,4%,7%,2%,0%,0%,3%,81%
533,texas-a-and-m-international-university,0%,0%,95%,2%,0%,0%,0%,0%,2%
534,northwest-missouri-state-university,6%,1%,4%,5%,3%,0%,0%,2%,79%
535,north-carolina-a-and-t-state-university,79%,1%,3%,2%,4%,0%,0%,5%,6%
536,bowling-green-state-university,9%,1%,4%,3%,3%,0%,0%,3%,76%
537,central-college,2%,1%,5%,1%,1%,0%,0%,7%,82%
538,university-of-lynchburg,11%,1%,4%,3%,4%,0%,0%,9%,68%
539,west-chester-university-of-pennsylvania,11%,2%,6%,1%,3%,0%,0%,1%,76%
540,jacksonville-state-university,20%,1%,1%,2%,0%,1%,0%,5%,71%
541,st-josephs-college---new-york,25%,7%,20%,0%,1%,0%,0%,8%,37%
542,kings-college---pennsylvania,3%,2%,7%,6%,2%,0%,0%,7%,71%
543,asbury-university,3%,1%,3%,3%,4%,0%,0%,3%,82%
544,central-michigan-university,9%,1%,4%,4%,3%,1%,0%,2%,76%
545,belmont-university,5%,2%,5%,1%,3%,0%,0%,3%,80%
546,university-of-wisconsin---stout,2%,3%,3%,3%,2%,0%,0%,1%,86%
547,university-of-illinois-at-springfield,14%,4%,8%,5%,3%,0%,0%,2%,65%
548,north-central-college,4%,3%,13%,2%,3%,0%,0%,7%,67%
549,wisconsin-lutheran-college,6%,1%,6%,1%,3%,0%,0%,1%,82%
550,hofstra-university,8%,10%,13%,5%,2%,0%,1%,5%,55%
551,suny-plattsburgh,8%,2%,11%,6%,2%,0%,0%,4%,67%
552,tennessee-technological-university,4%,2%,3%,6%,3%,0%,0%,1%,81%
553,elizabethtown-college,3%,3%,4%,3%,2%,0%,0%,0%,84%
554,suny-college-at-oneonta,4%,2%,12%,1%,2%,0%,0%,2%,76%
555,university-of-north-carolina-school-of-the-arts,9%,2%,7%,2%,4%,1%,0%,2%,73%
556,arkansas-state-university,14%,1%,3%,6%,2%,0%,0%,1%,73%
557,fontbonne-university,15%,1%,2%,7%,2%,0%,0%,2%,71%
558,california-state-university-maritime-academy,2%,10%,19%,1%,12%,0%,1%,6%,49%
559,william-jewell-college,4%,1%,4%,5%,4%,0%,0%,3%,78%
560,susquehanna-university,6%,2%,6%,2%,3%,0%,0%,3%,78%
561,university-of-rhode-island,5%,3%,10%,2%,2%,0%,0%,8%,69%
562,augsburg-university,12%,7%,7%,4%,3%,1%,0%,21%,46%
563,the-college-of-st-scholastica,3%,2%,4%,3%,3%,1%,0%,0%,83%
564,dunwoody-college-of-technology,6%,7%,4%,0%,3%,0%,0%,4%,75%
565,kent-state-university,9%,2%,3%,6%,3%,0%,0%,3%,74%
566,madonna-university,12%,1%,4%,16%,2%,0%,0%,5%,59%
567,maryville-college,12%,1%,4%,3%,4%,0%,0%,0%,74%
568,ameritech-college---draper,2%,2%,9%,0%,4%,1%,0%,3%,79%
569,southwestern-assemblies-of-god-university,12%,1%,19%,1%,3%,4%,1%,1%,59%
570,lawrence-technological-university,7%,3%,3%,16%,2%,0%,0%,9%,59%
571,le-moyne-college,6%,2%,5%,1%,2%,0%,0%,8%,76%
572,west-texas-a-and-m-university,5%,2%,27%,2%,2%,1%,0%,2%,60%
573,marietta-college,6%,3%,2%,16%,3%,2%,0%,1%,67%
574,ohio-wesleyan-university,9%,3%,5%,5%,5%,0%,0%,5%,68%
575,pacific-university,2%,12%,13%,3%,11%,1%,2%,4%,51%
576,vanguard-university-of-southern-california,5%,4%,38%,2%,4%,0%,1%,4%,42%
577,university-of-south-dakota,3%,1%,3%,2%,3%,2%,0%,2%,83%
578,california-state-university---fresno,3%,14%,49%,6%,3%,0%,0%,5%,20%
579,st-ambrose-university,4%,1%,7%,4%,3%,0%,0%,4%,76%
580,national-university,10%,10%,26%,2%,5%,1%,2%,8%,36%
581,university-of-texas---rio-grande-valley,0%,1%,91%,2%,0%,0%,0%,2%,3%
582,university-of-new-mexico,2%,4%,47%,3%,3%,6%,0%,1%,34%
583,cornell-college,5%,4%,11%,4%,2%,1%,0%,6%,67%
584,huntington-university,3%,0%,6%,4%,3%,0%,0%,0%,83%
585,oklahoma-city-university,6%,3%,10%,13%,7%,2%,0%,0%,58%
586,arizona-state-university---polytechnic-campus,5%,6%,21%,8%,4%,1%,0%,1%,54%
587,suny-oswego,8%,3%,11%,2%,3%,0%,0%,1%,72%
588,st-catherine-university,10%,11%,7%,1%,3%,0%,0%,7%,61%
589,concordia-university---oregon,5%,7%,4%,2%,8%,0%,1%,10%,62%
590,cuny-hunter-college,11%,25%,30%,6%,2%,0%,0%,0%,26%
591,new-college-of-florida,3%,3%,18%,2%,4%,0%,0%,2%,69%
592,walsh-university,7%,1%,3%,4%,2%,0%,0%,10%,73%
593,st-thomas-university---florida,11%,1%,59%,5%,2%,0%,0%,3%,18%
594,belhaven-university,49%,1%,5%,2%,2%,1%,0%,6%,34%
595,spring-hill-college,14%,1%,3%,3%,4%,1%,0%,3%,69%
596,brescia-university,10%,1%,5%,2%,0%,0%,0%,38%,45%
597,southern-adventist-university,11%,9%,22%,4%,5%,0%,1%,0%,47%
598,arkansas-tech-university,7%,1%,7%,3%,3%,1%,0%,0%,77%
599,university-of-texas---san-antonio,9%,5%,54%,2%,3%,0%,0%,1%,25%
600,university-of-wisconsin---superior,2%,1%,2%,10%,3%,2%,0%,0%,79%
601,baker-university,9%,2%,7%,1%,2%,2%,0%,3%,74%
602,elmhurst-college,5%,6%,18%,0%,3%,0%,0%,3%,64%
603,gordon-college,5%,5%,7%,9%,4%,0%,0%,2%,68%
604,radford-university,15%,1%,7%,1%,3%,0%,0%,3%,69%
605,lebanon-valley-college,3%,2%,6%,1%,2%,0%,0%,4%,81%
606,university-of-the-incarnate-word,8%,2%,55%,6%,2%,0%,0%,6%,20%
607,dominican-university-of-california,5%,23%,20%,2%,7%,1%,1%,7%,34%
608,champlain-college,8%,3%,8%,0%,3%,0%,0%,16%,62%
609,western-carolina-university,7%,1%,6%,3%,4%,1%,0%,1%,77%
610,saint-vincent-college---pennsylvania,5%,2%,3%,1%,1%,0%,0%,4%,84%
611,university-of-new-orleans,13%,8%,12%,5%,4%,0%,0%,4%,54%
612,university-of-findlay,3%,1%,2%,7%,2%,0%,0%,1%,84%
613,monmouth-college,10%,2%,11%,8%,2%,0%,0%,5%,62%
614,lewis-university,6%,4%,19%,1%,3%,0%,0%,7%,60%
615,university-of-tennessee---martin,14%,1%,2%,3%,2%,0%,0%,0%,78%
616,augusta-university,24%,6%,6%,1%,6%,0%,0%,2%,54%
617,niagara-university,5%,1%,4%,13%,2%,1%,0%,7%,67%
618,university-of-wisconsin---river-falls,2%,2%,3%,2%,3%,0%,0%,0%,87%
619,newman-university,3%,6%,16%,2%,4%,1%,0%,1%,67%
620,university-of-missouri---st-louis,14%,5%,3%,2%,2%,0%,0%,4%,69%
621,wartburg-college,5%,1%,4%,9%,3%,0%,0%,4%,74%
622,university-of-hawaii-at-manoa,2%,38%,11%,4%,25%,0%,3%,0%,18%
623,northwest-university,5%,4%,9%,7%,5%,2%,1%,2%,66%
624,west-coast-university---los-angeles,4%,32%,23%,0%,5%,0%,2%,3%,31%
625,california-state-university---northridge,5%,11%,45%,9%,3%,0%,0%,4%,22%
626,florida-atlantic-university,20%,4%,27%,3%,4%,0%,0%,1%,42%
627,ohio-state-university---marion,4%,4%,4%,0%,4%,1%,0%,3%,81%
628,young-harris-college,6%,1%,3%,7%,2%,0%,0%,6%,74%
629,troy-university,32%,1%,4%,4%,3%,1%,0%,5%,51%
630,northland-college,1%,1%,5%,3%,2%,4%,0%,6%,80%
631,nazareth-college,7%,3%,6%,2%,2%,0%,0%,4%,76%
632,stephen-f-austin-state-university,19%,1%,17%,1%,3%,1%,0%,1%,57%
633,manchester-university,7%,2%,5%,4%,4%,0%,0%,2%,77%
634,university-of-tampa,5%,2%,13%,11%,3%,0%,0%,7%,59%
635,webster-university,17%,2%,6%,3%,3%,0%,0%,9%,59%
636,florida-southern-college,5%,2%,11%,4%,2%,1%,0%,2%,72%
637,boise-state-university,2%,2%,12%,3%,4%,0%,0%,2%,73%
638,university-of-central-missouri,9%,2%,4%,2%,4%,0%,0%,3%,75%
639,westminster-college---pennsylvania,5%,1%,1%,1%,1%,0%,0%,24%,67%
640,ecpi-university,43%,3%,9%,0%,3%,1%,1%,1%,39%
641,concordia-university---wisconsin,12%,2%,1%,3%,3%,1%,0%,3%,74%
642,university-of-central-oklahoma,9%,3%,9%,7%,9%,4%,0%,3%,55%
643,pace-university,10%,8%,13%,13%,4%,0%,0%,4%,48%
644,minot-state-university,7%,2%,8%,8%,4%,2%,0%,2%,67%
645,salve-regina-university,2%,1%,6%,2%,2%,0%,0%,8%,79%
646,minnesota-state-university-mankato,5%,4%,4%,8%,3%,0%,0%,2%,74%
647,meredith-college,9%,3%,5%,2%,4%,1%,0%,6%,71%
648,hamline-university,6%,6%,7%,1%,6%,0%,0%,3%,69%
649,evangel-university,4%,2%,4%,1%,2%,1%,0%,6%,81%
650,portland-state-university,3%,8%,12%,7%,6%,1%,1%,6%,56%
651,university-of-nevada-las-vegas,8%,15%,27%,4%,10%,0%,1%,2%,33%
652,massachusetts-maritime-academy,1%,2%,4%,2%,3%,0%,0%,5%,83%
653,penn-state-harrisburg,10%,9%,7%,14%,3%,0%,0%,2%,56%
654,university-of-saint-francis---indiana,8%,1%,8%,0%,2%,0%,0%,1%,79%
655,viterbo-university,1%,1%,3%,2%,2%,0%,0%,0%,90%
656,university-of-washington---bothell,6%,25%,9%,10%,6%,0%,1%,3%,40%
657,university-of-connecticut---avery-point,5%,7%,10%,0%,4%,0%,0%,4%,69%
658,emory--and--henry-college,9%,1%,5%,1%,2%,1%,0%,6%,76%
659,oklahoma-christian-university,8%,4%,6%,0%,7%,2%,0%,3%,70%
660,rocky-mountain-college,2%,1%,6%,4%,4%,3%,1%,3%,77%
661,college-of-saint-mary,8%,2%,14%,1%,2%,1%,0%,0%,71%
662,university-of-california---merced,5%,21%,51%,6%,4%,0%,1%,1%,11%
663,grand-canyon-university,20%,3%,18%,0%,3%,1%,1%,8%,46%
664,monroe-college---bronx,44%,2%,39%,11%,0%,0%,0%,1%,3%
665,penn-state-new-kensington,4%,1%,3%,1%,3%,0%,0%,7%,80%
666,bethel-university---minnesota,5%,3%,4%,0%,3%,0%,0%,6%,78%
667,olivet-nazarene-university,9%,2%,8%,1%,2%,0%,0%,0%,77%
668,university-of-wisconsin---platteville,2%,1%,4%,2%,2%,0%,0%,0%,89%
669,northwestern-state-university-of-louisiana,29%,1%,5%,1%,4%,1%,0%,3%,55%
670,chatham-university,7%,2%,3%,7%,1%,0%,0%,26%,54%
671,university-of-jamestown,6%,1%,7%,8%,0%,1%,1%,0%,76%
672,bay-path-university,13%,2%,19%,1%,3%,0%,0%,7%,55%
673,union-college-nebraska,7%,4%,19%,8%,4%,0%,1%,4%,53%
674,north-park-university,8%,7%,24%,6%,4%,0%,1%,4%,45%
675,southern-utah-university,2%,1%,5%,6%,0%,1%,1%,7%,76%
676,southern-illinois-university-edwardsville,14%,2%,4%,1%,3%,0%,0%,1%,73%
677,university-of-south-alabama,22%,3%,3%,8%,3%,1%,0%,3%,57%
678,penn-state-worthington-scranton,3%,6%,7%,1%,2%,0%,0%,2%,80%
679,penn-state-fayette---eberly-campus,5%,0%,2%,1%,4%,0%,0%,1%,86%
680,middle-tennessee-state-university,20%,3%,5%,5%,3%,0%,0%,0%,64%
681,central-washington-university,3%,4%,14%,2%,6%,1%,1%,13%,55%
682,college-for-creative-studies,10%,5%,4%,8%,4%,0%,0%,12%,57%
683,hampshire-college,5%,2%,10%,5%,7%,0%,0%,4%,65%
684,trinity-christian-college,10%,1%,12%,7%,1%,0%,0%,4%,65%
685,texas-a-and-m-university---commerce,21%,2%,19%,2%,6%,1%,0%,1%,48%
686,nicholls-state-university,21%,1%,3%,1%,3%,2%,0%,3%,66%
687,suny-fredonia,7%,2%,7%,2%,3%,1%,0%,3%,76%
688,southern-new-hampshire-university,15%,1%,8%,1%,2%,1%,0%,18%,54%
689,penn-state-lehigh-valley,6%,9%,15%,1%,3%,0%,0%,5%,60%
690,saint-anselm-college,2%,1%,3%,1%,1%,0%,0%,5%,87%
691,university-of-tennessee---chattanooga,11%,2%,4%,2%,5%,0%,0%,1%,76%
692,purdue-university-northwest---hammond-campus,12%,3%,16%,8%,2%,0%,0%,10%,50%
693,texas-a-and-m-university---corpus-christi,6%,2%,48%,3%,2%,0%,0%,1%,38%
694,muskingum-university,5%,1%,2%,4%,4%,0%,0%,6%,79%
695,southern-wesleyan-university,27%,0%,4%,2%,1%,0%,0%,9%,56%
696,brigham-young-university---idaho,0%,1%,2%,17%,5%,0%,0%,20%,54%
697,wheeling-jesuit-university,7%,1%,3%,5%,2%,0%,1%,5%,75%
698,siena-college,4%,4%,7%,2%,2%,0%,0%,2%,78%
699,university-of-texas---tyler,10%,3%,18%,2%,5%,0%,0%,2%,59%
700,mount-saint-marys-university---california,7%,15%,61%,1%,2%,0%,1%,5%,9%
701,slippery-rock-university,5%,1%,2%,1%,3%,0%,0%,2%,85%
702,cleveland-institute-of-art,9%,4%,5%,9%,3%,0%,0%,0%,69%
703,lee-university,5%,1%,2%,3%,0%,0%,0%,12%,75%
704,western-new-england-university,6%,3%,8%,4%,1%,0%,0%,5%,72%
705,edgewood-college,3%,2%,6%,4%,3%,0%,0%,4%,78%
706,saginaw-valley-state-university,9%,1%,4%,7%,2%,0%,0%,6%,71%
707,cleveland-state-university,18%,4%,5%,5%,3%,0%,0%,2%,63%
708,georgia-college--and--state-university,6%,2%,5%,1%,3%,0%,0%,0%,83%
709,woodbury-university,3%,8%,28%,21%,3%,0%,1%,3%,33%
710,walla-walla-university,4%,6%,15%,1%,1%,1%,1%,6%,67%
711,bennington-college,3%,2%,9%,14%,5%,1%,0%,7%,60%
712,kennesaw-state-university,21%,5%,9%,2%,4%,0%,0%,2%,56%
713,drury-university,5%,1%,6%,6%,3%,1%,0%,0%,78%
714,wagner-college,8%,3%,11%,5%,3%,0%,0%,6%,65%
715,florida-college,6%,0%,7%,3%,5%,1%,0%,1%,76%
716,california-state-university---san-marcos,3%,10%,42%,5%,5%,0%,0%,6%,28%
717,stevenson-university,27%,3%,5%,1%,5%,0%,0%,3%,56%
718,american-musical--and--dramatic-academy,16%,1%,28%,5%,8%,0%,1%,3%,37%
719,university-of-indianapolis,10%,2%,5%,8%,2%,0%,0%,7%,65%
720,university-of-science--and--arts-of-oklahoma,3%,1%,10%,9%,10%,8%,0%,1%,59%
721,ramapo-college-of-new-jersey,5%,7%,14%,2%,1%,0%,0%,6%,65%
722,misericordia-university,3%,1%,4%,0%,3%,0%,0%,4%,85%
723,ripon-college,2%,1%,6%,4%,2%,0%,0%,1%,83%
724,saint-marys-university-of-minnesota,10%,3%,6%,3%,1%,0%,0%,17%,60%
725,westminster-college---missouri,7%,2%,4%,10%,0%,1%,0%,11%,65%
726,penn-state-berks,9%,5%,12%,3%,3%,0%,0%,2%,66%
727,southeastern-louisiana-university,17%,1%,7%,1%,5%,0%,0%,9%,60%
728,piedmont-college,10%,1%,6%,0%,0%,1%,0%,14%,68%
729,old-dominion-university,29%,5%,8%,2%,7%,0%,0%,4%,46%
730,university-of-central-arkansas,17%,2%,5%,7%,3%,1%,0%,1%,64%
731,university-of-alaska-southeast,1%,4%,6%,1%,7%,12%,1%,16%,53%
732,wentworth-institute-of-technology,5%,7%,3%,8%,6%,0%,0%,9%,62%
733,suny-college-at-brockport,11%,2%,6%,1%,2%,0%,0%,6%,70%
734,norwich-university,4%,3%,9%,1%,5%,0%,0%,5%,72%
735,lander-university,28%,1%,1%,5%,2%,0%,0%,3%,59%
736,colorado-christian-university,9%,3%,13%,0%,4%,1%,0%,4%,66%
737,mcneese-state-university,17%,2%,3%,6%,3%,0%,0%,0%,68%
738,springfield-college---massachusetts,5%,1%,7%,3%,2%,0%,0%,1%,80%
739,franklin-college,5%,1%,4%,1%,4%,0%,0%,2%,84%
740,university-of-wisconsin---oshkosh,2%,4%,4%,1%,3%,0%,0%,1%,86%
741,millersville-university-of-pennsylvania,9%,3%,10%,1%,2%,0%,0%,1%,74%
742,benedictine-college,3%,1%,7%,2%,0%,0%,0%,7%,80%
743,concordia-university---ann-arbor,9%,1%,2%,1%,5%,1%,0%,5%,76%
744,university-of-mount-union,7%,1%,3%,2%,3%,1%,0%,5%,78%
745,dominican-university,7%,3%,47%,3%,1%,0%,0%,3%,35%
746,judson-university,10%,2%,18%,4%,2%,0%,0%,12%,52%
747,penn-state-york,6%,5%,7%,12%,3%,0%,0%,5%,61%
748,merrimack-college,3%,1%,6%,3%,2%,0%,0%,13%,71%
749,california-state-university---stanislaus,2%,10%,51%,4%,4%,0%,1%,5%,23%
750,indiana-university---kokomo,4%,1%,5%,1%,3%,0%,0%,3%,82%
751,chaminade-university-of-honolulu,10%,29%,8%,1%,8%,1%,18%,6%,19%
752,university-of-wisconsin---parkside,9%,3%,14%,2%,4%,0%,0%,0%,67%
753,massachusetts-college-of-art--and--design,4%,7%,9%,4%,1%,0%,0%,20%,54%
754,holy-family-university,11%,5%,5%,0%,0%,0%,0%,20%,58%
755,university-of-mobile,24%,1%,2%,4%,3%,1%,0%,3%,61%
756,the-university-of-west-alabama,42%,0%,2%,5%,2%,0%,0%,4%,44%
757,moravian-college,4%,2%,10%,7%,2%,0%,0%,8%,67%
758,jefferson-philadelphia-university--plus--thomas-jefferson-university,19%,5%,8%,4%,2%,0%,0%,9%,52%
759,eastern-connecticut-state-university,9%,3%,12%,1%,3%,0%,0%,6%,66%
760,east-central-university,3%,0%,6%,10%,8%,14%,0%,2%,55%
761,alma-college,4%,2%,5%,1%,2%,0%,0%,9%,77%
762,washburn-university,5%,1%,9%,4%,4%,1%,0%,13%,62%
763,galen-college-of-nursing---louisville,14%,1%,6%,0%,5%,0%,0%,3%,70%
764,university-of-colorado---colorado-springs,4%,3%,18%,1%,7%,0%,0%,2%,64%
765,avila-university,21%,1%,8%,13%,3%,1%,0%,0%,52%
766,shenandoah-university,11%,3%,8%,5%,3%,1%,0%,12%,57%
767,university-of-toledo,12%,2%,5%,6%,3%,0%,0%,3%,68%
768,ohio-christian-university,26%,1%,2%,0%,3%,0%,0%,19%,48%
769,carthage-college,6%,2%,7%,1%,3%,0%,0%,9%,72%
770,kendall-college,17%,3%,15%,21%,2%,0%,0%,2%,41%
771,catawba-college,20%,1%,7%,3%,3%,0%,0%,0%,65%
772,penn-state-erie---the-behrend-college,3%,4%,3%,9%,2%,0%,0%,2%,77%
773,emmanuel-college---massachusetts,5%,4%,9%,2%,3%,0%,0%,13%,64%
774,mount-carmel-college-of-nursing,8%,1%,1%,0%,2%,0%,0%,1%,86%
775,tarleton-state-university,9%,1%,19%,0%,3%,1%,0%,1%,66%
776,corban-university,2%,2%,3%,3%,7%,1%,1%,7%,74%
777,mcdaniel-college,14%,4%,7%,0%,4%,0%,0%,4%,68%
778,pacific-union-college,8%,16%,23%,2%,7%,0%,1%,18%,25%
779,penn-state-brandywine,15%,11%,6%,1%,3%,0%,0%,3%,60%
780,william-paterson-university-of-new-jersey,16%,7%,29%,0%,3%,0%,0%,3%,42%
781,miami-university---middletown,5%,2%,2%,13%,2%,0%,0%,2%,74%
782,ferris-state-university,8%,2%,5%,2%,3%,1%,0%,1%,78%
783,palm-beach-atlantic-university,10%,2%,15%,4%,3%,0%,0%,3%,62%
784,heidelberg-university,9%,1%,2%,0%,3%,0%,0%,7%,78%
785,flagler-college---st-augustine,4%,1%,5%,4%,2%,0%,0%,6%,78%
786,roosevelt-university,18%,6%,23%,4%,2%,0%,0%,2%,43%
787,maranatha-baptist-university,2%,1%,5%,1%,4%,1%,0%,2%,84%
788,benedictine-university,9%,15%,14%,1%,0%,0%,1%,16%,44%
789,northern-illinois-university,15%,5%,17%,2%,4%,0%,0%,1%,57%
790,texas-womans-university,18%,8%,28%,1%,4%,0%,0%,1%,40%
791,marshall-university,6%,1%,2%,1%,3%,0%,0%,6%,81%
792,texas-lutheran-university,9%,1%,32%,0%,1%,0%,0%,3%,54%
793,saint-leo-university,36%,2%,11%,2%,2%,0%,0%,14%,33%
794,spring-arbor-university,11%,1%,1%,0%,3%,1%,0%,9%,74%
795,columbus-college-of-art--and--design,10%,4%,6%,7%,5%,0%,0%,3%,64%
796,dakota-wesleyan-university,1%,1%,4%,1%,3%,1%,0%,0%,88%
797,university-of-mary-hardin-baylor,15%,2%,21%,1%,3%,1%,0%,2%,56%
798,assumption-college,6%,2%,7%,2%,2%,0%,0%,12%,69%
799,university-of-south-carolina-aiken,26%,1%,4%,4%,4%,1%,0%,1%,59%
800,northwood-university---midland,11%,1%,6%,4%,1%,0%,0%,18%,59%
801,oklahoma-baptist-university,6%,1%,2%,4%,11%,5%,0%,3%,68%
802,california-state-university---sacramento,6%,21%,30%,3%,6%,0%,1%,6%,28%
803,queens-university-of-charlotte,16%,2%,8%,7%,6%,1%,0%,8%,53%
804,kutztown-university-of-pennsylvania,8%,1%,8%,1%,3%,0%,0%,2%,77%
805,coastal-carolina-university,20%,1%,4%,2%,5%,0%,0%,1%,67%
806,millikin-university,14%,1%,6%,3%,4%,0%,0%,1%,71%
807,indiana-university---southeast,6%,2%,4%,1%,3%,0%,0%,2%,83%
808,central-connecticut-state-university,12%,4%,13%,2%,3%,0%,0%,3%,63%
809,goucher-college,13%,4%,8%,4%,4%,0%,0%,5%,61%
810,university-of-mount-olive,27%,1%,3%,3%,6%,1%,0%,9%,49%